"id","last_name","first_name","email","avatar","job_title","department","manager_id","phone","address1","address2","city","state","postal_code","country","change_date"
201,Harris,George,gharris0@pagesperso-orange.fr,https://robohash.org/modilaboriosammolestiae.bmp?size=50x50&set=set1,Administrative Assistant I,Toys,,"1-(210)270-8536","2 Bayside Drive",,San Antonio,Texas,"78240",United States,2016-05-01
202,Hayes,Rachel,rhayes1@si.edu,https://robohash.org/seddistinctiodolorem.jpg?size=50x50&set=set1,Design Engineer,Books,,"1-(971)797-2729","30 Anhalt Street",,Portland,Oregon,"97232",United States,2016-05-01
203,Palmer,Anthony,apalmer2@posterous.com,https://robohash.org/vitaererumdolore.png?size=50x50&set=set1,Health Coach II,Toys,,"1-(702)984-2108","02809 4th Pass",,North Las Vegas,Nevada,"89036",United States,2016-05-01
204,Alvarez,Laura,lalvarez3@time.com,https://robohash.org/nobisplaceatquisquam.jpg?size=50x50&set=set1,Computer Systems Analyst II,Health,,"1-(518)328-2658","647 Lakeland Road",,Albany,New York,"12210",United States,2016-05-01
205,Reynolds,Annie,areynolds4@nasa.gov,https://robohash.org/praesentiumdoloremrerum.png?size=50x50&set=set1,Senior Quality Engineer,Kids,,"1-(775)838-2203","163 Carey Street",,Reno,Nevada,"89550",United States,2016-05-01
206,Henry,Joe,jhenry5@bbb.org,https://robohash.org/earumiurevoluptas.jpg?size=50x50&set=set1,Chief Design Engineer,Electronics,,"1-(682)563-2229","1 Harper Circle",,Fort Worth,Texas,"76178",United States,2016-05-01
207,Willis,Willie,wwillis6@berkeley.edu,https://robohash.org/suntsitnecessitatibus.png?size=50x50&set=set1,Structural Analysis Engineer,Shoes,,"1-(317)654-6888","641 Kropf Parkway",,Indianapolis,Indiana,"46216",United States,2016-05-01
208,Lawrence,Keith,klawrence7@discovery.com,https://robohash.org/delenitiomnisconsequatur.jpg?size=50x50&set=set1,VP Quality Control,Outdoors,,"1-(501)583-8851","2184 Melby Crossing",,Little Rock,Arkansas,"72222",United States,2016-05-01
209,Johnston,Tina,tjohnston8@alexa.com,https://robohash.org/voluptasautmaiores.png?size=50x50&set=set1,Assistant Media Planner,Electronics,,"1-(901)128-9976","72 Hauk Road",,Memphis,Tennessee,"38114",United States,2016-05-01
210,Burns,Lisa,lburns9@taobao.com,https://robohash.org/illumsinttempore.jpg?size=50x50&set=set1,Operator,Industrial,,"1-(585)113-8402","99 Manufacturers Drive",,Rochester,New York,"14624",United States,2016-05-01
211,Stone,Howard,hstonea@ucsd.edu,https://robohash.org/eautet.bmp?size=50x50&set=set1,Account Executive,Electronics,,"1-(202)958-2516","03 Anthes Center",,Washington,District of Columbia,"20425",United States,2016-05-01
212,Brown,Julie,jbrownb@squidoo.com,https://robohash.org/laborumtotameveniet.png?size=50x50&set=set1,Analog Circuit Design manager,Electronics,,"1-(217)741-6449","37574 4th Drive",,Springfield,Illinois,"62705",United States,2016-05-01
213,Turner,Edward,eturnerc@theatlantic.com,https://robohash.org/sedutporro.png?size=50x50&set=set1,Structural Engineer,Computers,,"1-(701)353-1996","3 Bultman Circle",,Fargo,North Dakota,"58122",United States,2016-05-01
214,Nichols,Douglas,dnicholsd@fda.gov,https://robohash.org/blanditiiscommodiet.png?size=50x50&set=set1,Editor,Outdoors,,"1-(302)771-6486","5150 Holmberg Way",,Wilmington,Delaware,"19805",United States,2016-05-01
215,Gilbert,Jessica,jgilberte@infoseek.co.jp,https://robohash.org/providentaccusamussed.bmp?size=50x50&set=set1,Account Executive,Baby,,"1-(320)607-0289","32 Summit Park",,Saint Cloud,Minnesota,"56372",United States,2016-05-01
216,Hernandez,Kathy,khernandezf@shinystat.com,https://robohash.org/utfaciliset.png?size=50x50&set=set1,Junior Executive,Movies,,"1-(210)733-3380","24 Merrick Way",,San Antonio,Texas,"78225",United States,2016-05-01
217,Sullivan,Lillian,lsullivang@flavors.me,https://robohash.org/quiaetaut.jpg?size=50x50&set=set1,Engineer I,Sports,,"1-(904)885-2053","42 Manufacturers Pass",,Jacksonville,Florida,"32215",United States,2016-05-01
218,Jenkins,Frances,fjenkinsh@huffingtonpost.com,https://robohash.org/voluptatemnamaliquam.bmp?size=50x50&set=set1,Developer IV,Baby,,"1-(512)764-3809","69255 Dakota Plaza",,Austin,Texas,"78769",United States,2016-05-01
219,Myers,Roger,rmyersi@alexa.com,https://robohash.org/consequaturutquo.png?size=50x50&set=set1,Account Executive,Beauty,,"1-(480)583-9583","3 Eagle Crest Place",,Gilbert,Arizona,"85297",United States,2016-05-01
220,Hunter,Bonnie,bhunterj@ucsd.edu,https://robohash.org/etfacilisquo.bmp?size=50x50&set=set1,Analog Circuit Design manager,Baby,,"1-(320)933-5140","99 Arapahoe Terrace",,Saint Cloud,Minnesota,"56372",United States,2016-05-01
